threads,time
1,0.44056300000000004
2,0.7466252000000001
3,0.7741842
4,0.8691592
6,1.4951606
8,1.4435742
16,1.4308026
32,1.4301984
64,1.4313681999999999
128,1.4314820000000001
